{"vehicleIdentificationNumber":12341234,"odometer":1.2341234E7,"gasConsumption":1.2341234E7,"milesSinceLastOilChange":1.2341234E7,"engineSize":1.2341234E7}