{"vehicleIdentificationNumber":21346512,"odometer":1.7687621347686873E49,"gasConsumption":2.3452345E7,"milesSinceLastOilChange":2.0,"engineSize":2.3458926738945762E28}